descriptor,sequence,geom_noise,ima,imb,ap,auc,sr
DOAP-HP-ST-LM-a,i_ajuntament,easy,0,1,0.850076381334832,0.850030877694172,0.890973036342321
DOAP-HP-ST-LM-a,i_ajuntament,easy,0,2,0.391767228772169,0.391525001381681,0.519343493552169
DOAP-HP-ST-LM-a,i_ajuntament,easy,0,3,0.128917600627255,0.128644725485922,0.225087924970692
DOAP-HP-ST-LM-a,i_ajuntament,easy,0,4,0.131283595674381,0.13091649405324,0.225087924970692
DOAP-HP-ST-LM-a,i_ajuntament,easy,0,5,0.136404720798839,0.135975302078918,0.240328253223916
DOAP-HP-ST-LM-a,i_resort,easy,0,1,0.941309935964577,0.941306069211647,0.949464922711058
DOAP-HP-ST-LM-a,i_resort,easy,0,2,0.98869315775632,0.988692467257536,0.990487514863258
DOAP-HP-ST-LM-a,i_resort,easy,0,3,0.982313817906242,0.9823125899427,0.985136741973841
DOAP-HP-ST-LM-a,i_resort,easy,0,4,0.913936181750443,0.91393314570274,0.920927467300832
DOAP-HP-ST-LM-a,i_resort,easy,0,5,0.957349909317974,0.957348148749271,0.961950059453032
DOAP-HP-ST-LM-a,i_table,easy,0,1,0.806258657617144,0.806237860151353,0.8325
DOAP-HP-ST-LM-a,i_table,easy,0,2,0.737449441791488,0.737421198838752,0.7855
DOAP-HP-ST-LM-a,i_table,easy,0,3,0.613918904523758,0.613880216055861,0.6815
DOAP-HP-ST-LM-a,i_table,easy,0,4,0.546948152895836,0.546772557890464,0.623
DOAP-HP-ST-LM-a,i_table,easy,0,5,0.900227789515706,0.900224947866253,0.9085
DOAP-HP-ST-LM-a,i_troulos,easy,0,1,0.895170497051943,0.895137694086079,0.909395973154362
DOAP-HP-ST-LM-a,i_troulos,easy,0,2,0.613033200307162,0.612804329750581,0.681208053691275
DOAP-HP-ST-LM-a,i_troulos,easy,0,3,0.978147833352734,0.978144007214939,0.979865771812081
DOAP-HP-ST-LM-a,i_troulos,easy,0,4,0.753282819913315,0.753055891642628,0.808724832214765
DOAP-HP-ST-LM-a,i_troulos,easy,0,5,0.877023482231594,0.876973242209362,0.895973154362416
DOAP-HP-ST-LM-a,i_bologna,easy,0,1,0.962177865251469,0.962160987742684,0.971014492753623
DOAP-HP-ST-LM-a,i_bologna,easy,0,2,0.92624858226965,0.926236190622383,0.933333333333333
DOAP-HP-ST-LM-a,i_bologna,easy,0,3,0.926052765329315,0.926039507292708,0.933333333333333
DOAP-HP-ST-LM-a,i_bologna,easy,0,4,0.898906739460963,0.898891886811667,0.907246376811594
DOAP-HP-ST-LM-a,i_bologna,easy,0,5,0.865123959183377,0.86508346963501,0.884057971014493
DOAP-HP-ST-LM-a,i_lionnight,easy,0,1,0.850489457135895,0.850364903593859,0.900212314225053
DOAP-HP-ST-LM-a,i_lionnight,easy,0,2,0.664403135369352,0.664222320161472,0.740976645435244
DOAP-HP-ST-LM-a,i_lionnight,easy,0,3,0.880413947395893,0.880340236809177,0.91932059447983
DOAP-HP-ST-LM-a,i_lionnight,easy,0,4,0.897025938878544,0.896970381736239,0.927813163481953
DOAP-HP-ST-LM-a,i_lionnight,easy,0,5,0.882707297213259,0.882646814566549,0.91932059447983
DOAP-HP-ST-LM-a,i_porta,easy,0,1,0.780676324379589,0.780530287303207,0.843520782396088
DOAP-HP-ST-LM-a,i_porta,easy,0,2,0.7846081492036,0.784476604379213,0.843520782396088
DOAP-HP-ST-LM-a,i_porta,easy,0,3,0.573587712393916,0.572897054330348,0.687041564792176
DOAP-HP-ST-LM-a,i_porta,easy,0,4,0.468415715213658,0.467906989595799,0.606356968215159
DOAP-HP-ST-LM-a,i_porta,easy,0,5,0.345686195622535,0.345219538893905,0.471882640586797
DOAP-HP-ST-LM-a,i_zion,easy,0,1,0.937559604358948,0.937558852831329,0.94
DOAP-HP-ST-LM-a,i_zion,easy,0,2,0.635236484842819,0.635219810040623,0.6685
DOAP-HP-ST-LM-a,i_zion,easy,0,3,0.464713019902792,0.464690250664533,0.515
DOAP-HP-ST-LM-a,i_zion,easy,0,4,0.294637887986879,0.294602161017202,0.355
DOAP-HP-ST-LM-a,i_zion,easy,0,5,0.373315360614139,0.37328807831538,0.4245
DOAP-HP-ST-LM-a,i_brooklyn,easy,0,1,0.765851635214272,0.765824357521331,0.805305305305305
DOAP-HP-ST-LM-a,i_brooklyn,easy,0,2,0.72901020527158,0.728975054828193,0.790790790790791
DOAP-HP-ST-LM-a,i_brooklyn,easy,0,3,0.522389817089778,0.52233187911004,0.602102102102102
DOAP-HP-ST-LM-a,i_brooklyn,easy,0,4,0.648826081660404,0.648779556365545,0.725725725725726
DOAP-HP-ST-LM-a,i_brooklyn,easy,0,5,0.484125388720771,0.484018221141699,0.59009009009009
DOAP-HP-ST-LM-a,i_fruits,easy,0,1,0.983517811737971,0.983510150616255,0.988993710691824
DOAP-HP-ST-LM-a,i_fruits,easy,0,2,0.955544197603339,0.955519650742711,0.965408805031447
DOAP-HP-ST-LM-a,i_fruits,easy,0,3,0.946278333248375,0.946254012456898,0.957547169811321
DOAP-HP-ST-LM-a,i_fruits,easy,0,4,0.949079950025344,0.949069785790732,0.957547169811321
DOAP-HP-ST-LM-a,i_fruits,easy,0,5,0.939485960731216,0.939446932133069,0.952830188679245
DOAP-HP-ST-LM-a,i_books,easy,0,1,0.812634205440476,0.812549160605457,0.856540084388186
DOAP-HP-ST-LM-a,i_books,easy,0,2,0.837025093146225,0.83699556532835,0.858649789029536
DOAP-HP-ST-LM-a,i_books,easy,0,3,0.870277635786001,0.870244504044862,0.892405063291139
DOAP-HP-ST-LM-a,i_books,easy,0,4,0.862912748036903,0.862864193497271,0.886075949367089
DOAP-HP-ST-LM-a,i_books,easy,0,5,0.813389568578342,0.813304137155917,0.848101265822785
DOAP-HP-ST-LM-a,i_bridger,easy,0,1,0.80165062637011,0.801640579236225,0.821986888552698
DOAP-HP-ST-LM-a,i_bridger,easy,0,2,0.658974697511466,0.658952454700491,0.695410993444276
DOAP-HP-ST-LM-a,i_bridger,easy,0,3,0.722389588184978,0.722371804023674,0.75542107917297
DOAP-HP-ST-LM-a,i_bridger,easy,0,4,0.453603971307696,0.453537763122589,0.521432173474534
DOAP-HP-ST-LM-a,i_bridger,easy,0,5,0.0600984384880813,0.0599603524381658,0.122541603630862
DOAP-HP-ST-LM-a,i_whitebuilding,easy,0,1,0.951099830446757,0.951086734420359,0.971282051282051
DOAP-HP-ST-LM-a,i_whitebuilding,easy,0,2,0.912182267532676,0.912164984430614,0.943076923076923
DOAP-HP-ST-LM-a,i_whitebuilding,easy,0,3,0.770606568437936,0.77053942591783,0.846153846153846
DOAP-HP-ST-LM-a,i_whitebuilding,easy,0,4,0.783759485953612,0.783686317802062,0.870769230769231
DOAP-HP-ST-LM-a,i_whitebuilding,easy,0,5,0.769311525584339,0.769234441570647,0.861025641025641
DOAP-HP-ST-LM-a,i_kurhaus,easy,0,1,0.864996947331608,0.864995710079305,0.869172932330827
DOAP-HP-ST-LM-a,i_kurhaus,easy,0,2,0.753527626261062,0.753523777014555,0.764912280701754
DOAP-HP-ST-LM-a,i_kurhaus,easy,0,3,0.690826976661568,0.69082102105044,0.708270676691729
DOAP-HP-ST-LM-a,i_kurhaus,easy,0,4,0.618152185443209,0.61814118891072,0.646616541353383
DOAP-HP-ST-LM-a,i_kurhaus,easy,0,5,0.540368390388629,0.540354134305322,0.575438596491228
DOAP-HP-ST-LM-a,i_salon,easy,0,1,0.86647586153221,0.866441988535329,0.898366606170599
DOAP-HP-ST-LM-a,i_salon,easy,0,2,0.693876641833645,0.693778919264727,0.761343012704174
DOAP-HP-ST-LM-a,i_salon,easy,0,3,0.538621766994676,0.538516797708654,0.623411978221416
DOAP-HP-ST-LM-a,i_salon,easy,0,4,0.750324468301627,0.750127421667231,0.810344827586207
DOAP-HP-ST-LM-a,i_salon,easy,0,5,0.618308177223214,0.61813942465716,0.707803992740472
DOAP-HP-ST-LM-a,i_autannes,easy,0,1,0.889829637433329,0.889808035304508,0.914757103574702
DOAP-HP-ST-LM-a,i_autannes,easy,0,2,0.80512235520343,0.805086761616614,0.842346471127406
DOAP-HP-ST-LM-a,i_autannes,easy,0,3,0.385630809780547,0.3855208542865,0.482126489459212
DOAP-HP-ST-LM-a,i_autannes,easy,0,4,0.432855640665966,0.432772682074261,0.513290559120073
DOAP-HP-ST-LM-a,i_autannes,easy,0,5,0.691805477875905,0.691707747957713,0.767186067827681
DOAP-HP-ST-LM-a,i_tools,easy,0,1,0.0836324585627797,0.0827499842338729,0.226546906187625
DOAP-HP-ST-LM-a,i_tools,easy,0,2,0.390670304475672,0.390458971687505,0.530938123752495
DOAP-HP-ST-LM-a,i_tools,easy,0,3,0.155790350011845,0.155511137493858,0.295409181636727
DOAP-HP-ST-LM-a,i_tools,easy,0,4,0.4177329322041,0.417584934001483,0.515968063872255
DOAP-HP-ST-LM-a,i_tools,easy,0,5,0.0645933260289292,0.0643060517802886,0.156686626746507
DOAP-HP-ST-LM-a,i_santuario,easy,0,1,0.706517289729829,0.706499787135808,0.73859649122807
DOAP-HP-ST-LM-a,i_santuario,easy,0,2,0.65729070930706,0.657259125762484,0.707017543859649
DOAP-HP-ST-LM-a,i_santuario,easy,0,3,0.507234332672146,0.507180686100671,0.578947368421053
DOAP-HP-ST-LM-a,i_santuario,easy,0,4,0.750875915000557,0.750852280339239,0.781286549707602
DOAP-HP-ST-LM-a,i_santuario,easy,0,5,0.554279458213882,0.554198823078491,0.615204678362573
DOAP-HP-ST-LM-a,i_fog,easy,0,1,0.883281481598394,0.883278585850579,0.887052341597796
DOAP-HP-ST-LM-a,i_fog,easy,0,2,0.688353198213044,0.688334560429745,0.709366391184573
DOAP-HP-ST-LM-a,i_fog,easy,0,3,0.615586099250311,0.615554720148537,0.647382920110193
DOAP-HP-ST-LM-a,i_fog,easy,0,4,0.429888341195879,0.429860688849085,0.455922865013774
DOAP-HP-ST-LM-a,i_fog,easy,0,5,0.41548768868328,0.415461907351871,0.43801652892562
DOAP-HP-ST-LM-a,i_nijmegen,easy,0,1,0.621087958700063,0.621052129452278,0.674337168584292
DOAP-HP-ST-LM-a,i_nijmegen,easy,0,2,0.722371512780879,0.722337519781465,0.76488244122061
DOAP-HP-ST-LM-a,i_nijmegen,easy,0,3,0.30961606122067,0.309484089271409,0.433216608304152
DOAP-HP-ST-LM-a,i_nijmegen,easy,0,4,0.715763828078654,0.715737199176858,0.753876938469235
DOAP-HP-ST-LM-a,i_nijmegen,easy,0,5,0.654067409853988,0.654024579457151,0.706353176588294
DOAP-HP-ST-LM-a,v_courses,easy,0,1,0.95921279290612,0.95920682788902,0.970783532536521
DOAP-HP-ST-LM-a,v_courses,easy,0,2,0.882085482060789,0.88207344754929,0.905046480743692
DOAP-HP-ST-LM-a,v_courses,easy,0,3,0.874395934128405,0.874365104809584,0.911686586985392
DOAP-HP-ST-LM-a,v_courses,easy,0,4,0.731708494604811,0.731670098400294,0.791500664010624
DOAP-HP-ST-LM-a,v_courses,easy,0,5,0.645857196465989,0.645792781393997,0.718459495351926
DOAP-HP-ST-LM-a,v_coffeehouse,easy,0,1,0.960999914960318,0.960999332839706,0.962962962962963
DOAP-HP-ST-LM-a,v_coffeehouse,easy,0,2,0.968468254534595,0.968467288692449,0.970970970970971
DOAP-HP-ST-LM-a,v_coffeehouse,easy,0,3,0.907795121901739,0.907791978611115,0.916916916916917
DOAP-HP-ST-LM-a,v_coffeehouse,easy,0,4,0.963513376658324,0.963512495776464,0.965965965965966
DOAP-HP-ST-LM-a,v_coffeehouse,easy,0,5,0.825798293204362,0.825791205830468,0.842842842842843
DOAP-HP-ST-LM-a,v_abstract,easy,0,1,0.989862463614575,0.989858649192963,0.994182971972501
DOAP-HP-ST-LM-a,v_abstract,easy,0,2,0.984592998597348,0.984590783254597,0.988894764674775
DOAP-HP-ST-LM-a,v_abstract,easy,0,3,0.919212417555242,0.919204516356407,0.934955050237969
DOAP-HP-ST-LM-a,v_abstract,easy,0,4,0.952034131047041,0.952027623175737,0.96351136964569
DOAP-HP-ST-LM-a,v_abstract,easy,0,5,0.797267023428906,0.797255604572048,0.823902696985722
DOAP-HP-ST-LM-a,v_feast,easy,0,1,0.988744156771882,0.988744089511629,0.989
DOAP-HP-ST-LM-a,v_feast,easy,0,2,0.905313096169912,0.905310553858947,0.913
DOAP-HP-ST-LM-a,v_feast,easy,0,3,0.663274354417979,0.663262174306453,0.6955
DOAP-HP-ST-LM-a,v_feast,easy,0,4,0.835717224991037,0.835712197662891,0.8495
DOAP-HP-ST-LM-a,v_feast,easy,0,5,0.706143019235942,0.706132488764591,0.733
DOAP-HP-ST-LM-a,v_woman,easy,0,1,0.927454249100812,0.927450962755641,0.932316491897045
DOAP-HP-ST-LM-a,v_woman,easy,0,2,0.92549448444889,0.925491313612989,0.930409914204004
DOAP-HP-ST-LM-a,v_woman,easy,0,3,0.900025055554442,0.900017929285797,0.90467111534795
DOAP-HP-ST-LM-a,v_woman,easy,0,4,0.8655241941185,0.865513273935424,0.877979027645376
DOAP-HP-ST-LM-a,v_woman,easy,0,5,0.928482522860547,0.928480761707526,0.931363203050524
DOAP-HP-ST-LM-a,v_talent,easy,0,1,0.817280486883642,0.817262610379846,0.85077616424637
DOAP-HP-ST-LM-a,v_talent,easy,0,2,0.740473150154169,0.740453936173062,0.780170255383075
DOAP-HP-ST-LM-a,v_talent,easy,0,3,0.680003949734828,0.679979379547958,0.730595893840761
DOAP-HP-ST-LM-a,v_talent,easy,0,4,0.48634558201306,0.486316585741241,0.538808212318478
DOAP-HP-ST-LM-a,v_talent,easy,0,5,0.598266522848505,0.598240313398418,0.648472709063595
DOAP-HP-ST-LM-a,v_tabletop,easy,0,1,0.984540075655021,0.984539949593859,0.985
DOAP-HP-ST-LM-a,v_tabletop,easy,0,2,0.897088935483319,0.897083632490205,0.9115
DOAP-HP-ST-LM-a,v_tabletop,easy,0,3,0.728967080575015,0.72892993617378,0.7785
DOAP-HP-ST-LM-a,v_tabletop,easy,0,4,0.722702436743835,0.722678404694289,0.775
DOAP-HP-ST-LM-a,v_tabletop,easy,0,5,0.827518865196188,0.827498729835538,0.8615
DOAP-HP-ST-LM-a,v_bees,easy,0,1,0.984337395712049,0.984336583692763,0.986438975389252
DOAP-HP-ST-LM-a,v_bees,easy,0,2,0.987208346396366,0.987207387170905,0.988448016072325
DOAP-HP-ST-LM-a,v_bees,easy,0,3,0.975458417929791,0.975457622226325,0.977398292315419
DOAP-HP-ST-LM-a,v_bees,easy,0,4,0.672171482567225,0.672163699891265,0.691612255148167
DOAP-HP-ST-LM-a,v_bees,easy,0,5,0.862298610266292,0.862293890125153,0.873430436966349
DOAP-HP-ST-LM-a,v_strand,easy,0,1,0.996962631881588,0.996962290825924,0.997797356828194
DOAP-HP-ST-LM-a,v_strand,easy,0,2,0.865878183821666,0.865870869283927,0.881607929515419
DOAP-HP-ST-LM-a,v_strand,easy,0,3,0.812193244477538,0.812186325161286,0.829295154185022
DOAP-HP-ST-LM-a,v_strand,easy,0,4,0.758932392711886,0.758912315295141,0.793502202643172
DOAP-HP-ST-LM-a,v_strand,easy,0,5,0.657399191505356,0.657377902938638,0.698237885462555
DOAP-HP-ST-LM-a,v_fest,easy,0,1,0.999409298109854,0.999409287176117,0.999447513812155
DOAP-HP-ST-LM-a,v_fest,easy,0,2,0.973491984315197,0.973490440281692,0.976243093922652
DOAP-HP-ST-LM-a,v_fest,easy,0,3,0.997014993692046,0.997014926313238,0.997237569060773
DOAP-HP-ST-LM-a,v_fest,easy,0,4,0.972161519064422,0.972159890442829,0.975138121546961
DOAP-HP-ST-LM-a,v_fest,easy,0,5,0.957587663808267,0.957586285826357,0.961325966850829
DOAP-HP-ST-LM-a,v_yard,easy,0,1,0.992071409151218,0.992070687992206,0.993815708101422
DOAP-HP-ST-LM-a,v_yard,easy,0,2,0.968871395873538,0.968870633880347,0.970933828076685
DOAP-HP-ST-LM-a,v_yard,easy,0,3,0.974192282058825,0.974191309232312,0.976499690785405
DOAP-HP-ST-LM-a,v_yard,easy,0,4,0.834102873888437,0.834094313027526,0.850340136054422
DOAP-HP-ST-LM-a,v_yard,easy,0,5,0.530436783297251,0.530406610248353,0.570191713048856
DOAP-HP-ST-LM-a,v_underground,easy,0,1,0.90719962580522,0.9071858990307,0.932788944723618
DOAP-HP-ST-LM-a,v_underground,easy,0,2,0.80623939771698,0.806202676427476,0.865577889447236
DOAP-HP-ST-LM-a,v_underground,easy,0,3,0.804115075798065,0.804070724095297,0.866834170854271
DOAP-HP-ST-LM-a,v_underground,easy,0,4,0.641872516635,0.641804351493381,0.745603015075377
DOAP-HP-ST-LM-a,v_underground,easy,0,5,0.235796188777085,0.235696161080629,0.336683417085427
DOAP-HP-ST-LM-a,v_azzola,easy,0,1,0.899855511885316,0.899852537227715,0.9085
DOAP-HP-ST-LM-a,v_azzola,easy,0,2,0.667224517820661,0.667209677115544,0.6975
DOAP-HP-ST-LM-a,v_azzola,easy,0,3,0.988186518240279,0.988186426895769,0.9885
DOAP-HP-ST-LM-a,v_azzola,easy,0,4,0.560429122517664,0.560404988074791,0.6045
DOAP-HP-ST-LM-a,v_azzola,easy,0,5,0.297020799819003,0.29698355956416,0.3435
DOAP-HP-ST-LM-a,v_eastsouth,easy,0,1,0.974793120296876,0.974792747725263,0.975698663426488
DOAP-HP-ST-LM-a,v_eastsouth,easy,0,2,0.965719342652618,0.965718854928841,0.967193195625759
DOAP-HP-ST-LM-a,v_eastsouth,easy,0,3,0.776265632011561,0.776250560037014,0.809842041312272
DOAP-HP-ST-LM-a,v_eastsouth,easy,0,4,0.673196450906931,0.673164524668303,0.733292831105711
DOAP-HP-ST-LM-a,v_eastsouth,easy,0,5,0.249667195140731,0.249553132298303,0.388821385176185
DOAP-HP-ST-LM-a,v_yuri,easy,0,1,0.728530625485621,0.728510874130763,0.747545582047686
DOAP-HP-ST-LM-a,v_yuri,easy,0,2,0.987972987556891,0.987972243555165,0.988779803646564
DOAP-HP-ST-LM-a,v_yuri,easy,0,3,0.948264539448089,0.948258363270974,0.955119214586255
DOAP-HP-ST-LM-a,v_yuri,easy,0,4,0.957460838771584,0.957456477900381,0.962131837307153
DOAP-HP-ST-LM-a,v_yuri,easy,0,5,0.886828386087326,0.88681531589639,0.899018232819074
DOAP-HP-ST-LM-a,v_soldiers,easy,0,1,0.860372868804567,0.860367951190665,0.870588235294118
DOAP-HP-ST-LM-a,v_soldiers,easy,0,2,0.788443705850044,0.788435506032791,0.806535947712418
DOAP-HP-ST-LM-a,v_soldiers,easy,0,3,0.712734383938428,0.712722080983868,0.737254901960784
DOAP-HP-ST-LM-a,v_soldiers,easy,0,4,0.714286861650162,0.714272825195026,0.741830065359477
DOAP-HP-ST-LM-a,v_soldiers,easy,0,5,0.906397642395212,0.906394499744479,0.913071895424837
DOAP-HP-ST-LM-a,v_man,easy,0,1,0.751269424454982,0.751259001102591,0.773083886541943
DOAP-HP-ST-LM-a,v_man,easy,0,2,0.55294570273112,0.552914368720105,0.59867229933615
DOAP-HP-ST-LM-a,v_man,easy,0,3,0.576147380085857,0.576120468277092,0.623415811707906
DOAP-HP-ST-LM-a,v_man,easy,0,4,0.588591164656625,0.588562812559359,0.64091732045866
DOAP-HP-ST-LM-a,v_man,easy,0,5,0.654483439189071,0.654468843174295,0.682558841279421
DOAP-HP-ST-LM-a,v_pomegranate,easy,0,1,0.722806439089822,0.722797992986823,0.745363408521303
DOAP-HP-ST-LM-a,v_pomegranate,easy,0,2,0.720803127208196,0.720793661909142,0.742355889724311
DOAP-HP-ST-LM-a,v_pomegranate,easy,0,3,0.841528316892226,0.841525278287176,0.851127819548872
DOAP-HP-ST-LM-a,v_pomegranate,easy,0,4,0.732396471201106,0.732390896109648,0.747368421052632
DOAP-HP-ST-LM-a,v_pomegranate,easy,0,5,0.766012810500735,0.766008486932192,0.778947368421053
DOAP-HP-ST-LM-a,v_birdwoman,easy,0,1,0.257614822280762,0.257519745054319,0.4045
DOAP-HP-ST-LM-a,v_birdwoman,easy,0,2,0.564043616088692,0.564002618498723,0.6355
DOAP-HP-ST-LM-a,v_birdwoman,easy,0,3,0.730888325914036,0.730866972652748,0.78
DOAP-HP-ST-LM-a,v_birdwoman,easy,0,4,0.94816970837925,0.948166451355348,0.958
DOAP-HP-ST-LM-a,v_birdwoman,easy,0,5,0.849004655023016,0.848990094544719,0.8855
DOAP-HP-ST-LM-a,v_busstop,easy,0,1,0.985786386742461,0.985786331216249,0.986
DOAP-HP-ST-LM-a,v_busstop,easy,0,2,0.924155314606358,0.924154484155205,0.927
DOAP-HP-ST-LM-a,v_busstop,easy,0,3,0.972106797276596,0.972106542769955,0.973
DOAP-HP-ST-LM-a,v_busstop,easy,0,4,0.991157346815059,0.991155579738213,0.993
DOAP-HP-ST-LM-a,v_busstop,easy,0,5,0.99866123424253,0.99866111311707,0.999
DOAP-HP-ST-LM-a,i_ajuntament,hard,0,1,0.720747003433566,0.72059890485524,0.811254396248535
DOAP-HP-ST-LM-a,i_ajuntament,hard,0,2,0.311614458972364,0.311269984401895,0.459554513481829
DOAP-HP-ST-LM-a,i_ajuntament,hard,0,3,0.0982045793900017,0.0976808266397238,0.206330597889801
DOAP-HP-ST-LM-a,i_ajuntament,hard,0,4,0.120191913937767,0.119919243333708,0.212192262602579
DOAP-HP-ST-LM-a,i_ajuntament,hard,0,5,0.1068976033862,0.106470545436692,0.207502930832356
DOAP-HP-ST-LM-a,i_resort,hard,0,1,0.876756508899632,0.876736859866858,0.901902497027348
DOAP-HP-ST-LM-a,i_resort,hard,0,2,0.964248217275205,0.96423346547054,0.974435196195006
DOAP-HP-ST-LM-a,i_resort,hard,0,3,0.959307991586552,0.95930206199481,0.969678953626635
DOAP-HP-ST-LM-a,i_resort,hard,0,4,0.846678684773907,0.846638473281208,0.870392390011891
DOAP-HP-ST-LM-a,i_resort,hard,0,5,0.902617593782586,0.90260891120408,0.919143876337693
DOAP-HP-ST-LM-a,i_table,hard,0,1,0.731327652294627,0.731303819906478,0.776
DOAP-HP-ST-LM-a,i_table,hard,0,2,0.642021018328333,0.641925578106586,0.7155
DOAP-HP-ST-LM-a,i_table,hard,0,3,0.528228898238182,0.528164463688436,0.619
DOAP-HP-ST-LM-a,i_table,hard,0,4,0.467689649574167,0.467457834755372,0.5675
DOAP-HP-ST-LM-a,i_table,hard,0,5,0.857710568627694,0.857699179116197,0.8775
DOAP-HP-ST-LM-a,i_troulos,hard,0,1,0.828086866560982,0.827878589296478,0.865771812080537
DOAP-HP-ST-LM-a,i_troulos,hard,0,2,0.517580487097739,0.517088522515441,0.610738255033557
DOAP-HP-ST-LM-a,i_troulos,hard,0,3,0.938052673875064,0.938005300490257,0.953020134228188
DOAP-HP-ST-LM-a,i_troulos,hard,0,4,0.725396154225729,0.725045401065896,0.785234899328859
DOAP-HP-ST-LM-a,i_troulos,hard,0,5,0.787026195565916,0.786856531406158,0.828859060402685
DOAP-HP-ST-LM-a,i_bologna,hard,0,1,0.924372314648514,0.924300235358048,0.947826086956522
DOAP-HP-ST-LM-a,i_bologna,hard,0,2,0.872265368881995,0.872208156115883,0.892753623188406
DOAP-HP-ST-LM-a,i_bologna,hard,0,3,0.86188360092476,0.86179055920942,0.88695652173913
DOAP-HP-ST-LM-a,i_bologna,hard,0,4,0.837113081590303,0.837010965633738,0.872463768115942
DOAP-HP-ST-LM-a,i_bologna,hard,0,5,0.785798287079466,0.785665267018626,0.828985507246377
DOAP-HP-ST-LM-a,i_lionnight,hard,0,1,0.75332650206107,0.753098022866585,0.83651804670913
DOAP-HP-ST-LM-a,i_lionnight,hard,0,2,0.546775101611833,0.546354505403638,0.670912951167728
DOAP-HP-ST-LM-a,i_lionnight,hard,0,3,0.805151153767004,0.8049871588158,0.872611464968153
DOAP-HP-ST-LM-a,i_lionnight,hard,0,4,0.830086041551171,0.829889477607749,0.89171974522293
DOAP-HP-ST-LM-a,i_lionnight,hard,0,5,0.769752048612562,0.769545715993479,0.853503184713376
DOAP-HP-ST-LM-a,i_porta,hard,0,1,0.697837818014431,0.697611746190621,0.787286063569682
DOAP-HP-ST-LM-a,i_porta,hard,0,2,0.708055899067799,0.707745836343516,0.806845965770171
DOAP-HP-ST-LM-a,i_porta,hard,0,3,0.476436163725868,0.475546139220764,0.633251833740831
DOAP-HP-ST-LM-a,i_porta,hard,0,4,0.452659818379793,0.451697286087245,0.584352078239609
DOAP-HP-ST-LM-a,i_porta,hard,0,5,0.259189759110144,0.258401810191417,0.415647921760391
DOAP-HP-ST-LM-a,i_zion,hard,0,1,0.867962259363471,0.867950374406642,0.882
DOAP-HP-ST-LM-a,i_zion,hard,0,2,0.541036868922532,0.541000163910665,0.5875
DOAP-HP-ST-LM-a,i_zion,hard,0,3,0.386234189649229,0.386192018059195,0.451
DOAP-HP-ST-LM-a,i_zion,hard,0,4,0.228733522751281,0.228660923456161,0.31
DOAP-HP-ST-LM-a,i_zion,hard,0,5,0.29524476253233,0.295174615077932,0.366
DOAP-HP-ST-LM-a,i_brooklyn,hard,0,1,0.698420303254309,0.698357036454966,0.755755755755756
DOAP-HP-ST-LM-a,i_brooklyn,hard,0,2,0.650120626411625,0.650053042139378,0.735735735735736
DOAP-HP-ST-LM-a,i_brooklyn,hard,0,3,0.442909486376737,0.442825394235495,0.534534534534535
DOAP-HP-ST-LM-a,i_brooklyn,hard,0,4,0.58987385140829,0.589812792686551,0.68018018018018
DOAP-HP-ST-LM-a,i_brooklyn,hard,0,5,0.399829814658424,0.39954355532323,0.527527527527528
DOAP-HP-ST-LM-a,i_fruits,hard,0,1,0.918476702896581,0.918446894288293,0.940251572327044
DOAP-HP-ST-LM-a,i_fruits,hard,0,2,0.8744813394088,0.874422440188333,0.910377358490566
DOAP-HP-ST-LM-a,i_fruits,hard,0,3,0.871835427352376,0.871759211943406,0.908805031446541
DOAP-HP-ST-LM-a,i_fruits,hard,0,4,0.854532983222034,0.85445228146097,0.891509433962264
DOAP-HP-ST-LM-a,i_fruits,hard,0,5,0.886972386914434,0.886825364599955,0.922955974842767
DOAP-HP-ST-LM-a,i_books,hard,0,1,0.672298162835244,0.671747826040995,0.793248945147679
DOAP-HP-ST-LM-a,i_books,hard,0,2,0.753095936622951,0.753008966040026,0.80379746835443
DOAP-HP-ST-LM-a,i_books,hard,0,3,0.764427128201874,0.764302535805786,0.820675105485232
DOAP-HP-ST-LM-a,i_books,hard,0,4,0.767881426127873,0.767765310973842,0.824894514767933
DOAP-HP-ST-LM-a,i_books,hard,0,5,0.73251138731546,0.732344451668711,0.795358649789029
DOAP-HP-ST-LM-a,i_bridger,hard,0,1,0.728461598478261,0.728181234509845,0.767019667170953
DOAP-HP-ST-LM-a,i_bridger,hard,0,2,0.595000812722519,0.594963980433201,0.64750378214826
DOAP-HP-ST-LM-a,i_bridger,hard,0,3,0.639151517976135,0.639087326974253,0.690872415532022
DOAP-HP-ST-LM-a,i_bridger,hard,0,4,0.376963508099208,0.376899330240756,0.456883509833585
DOAP-HP-ST-LM-a,i_bridger,hard,0,5,0.0454432209565517,0.0452866020875582,0.0998487140695915
DOAP-HP-ST-LM-a,i_whitebuilding,hard,0,1,0.814280173893824,0.814130599335711,0.898974358974359
DOAP-HP-ST-LM-a,i_whitebuilding,hard,0,2,0.748668415307465,0.748490237620245,0.867692307692308
DOAP-HP-ST-LM-a,i_whitebuilding,hard,0,3,0.621008462572865,0.620872804535698,0.759487179487179
DOAP-HP-ST-LM-a,i_whitebuilding,hard,0,4,0.648701194026412,0.648509076731515,0.797948717948718
DOAP-HP-ST-LM-a,i_whitebuilding,hard,0,5,0.59926005496493,0.599021226962689,0.763589743589744
DOAP-HP-ST-LM-a,i_kurhaus,hard,0,1,0.824195463069396,0.824189092432546,0.83609022556391
DOAP-HP-ST-LM-a,i_kurhaus,hard,0,2,0.704742793998206,0.704734678691135,0.723809523809524
DOAP-HP-ST-LM-a,i_kurhaus,hard,0,3,0.648823168797379,0.64880861549931,0.675187969924812
DOAP-HP-ST-LM-a,i_kurhaus,hard,0,4,0.559975497718962,0.559952496156457,0.6
DOAP-HP-ST-LM-a,i_kurhaus,hard,0,5,0.469282245407654,0.469258002402533,0.518295739348371
DOAP-HP-ST-LM-a,i_salon,hard,0,1,0.751091222811906,0.751009949314088,0.832123411978221
DOAP-HP-ST-LM-a,i_salon,hard,0,2,0.600214784427694,0.600022475592801,0.711433756805808
DOAP-HP-ST-LM-a,i_salon,hard,0,3,0.430463136703919,0.430175356125396,0.539927404718693
DOAP-HP-ST-LM-a,i_salon,hard,0,4,0.668147922420295,0.668021751693303,0.747731397459165
DOAP-HP-ST-LM-a,i_salon,hard,0,5,0.550296322094536,0.550119336997526,0.658802177858439
DOAP-HP-ST-LM-a,i_autannes,hard,0,1,0.824572277640455,0.824511424449923,0.873510540788268
DOAP-HP-ST-LM-a,i_autannes,hard,0,2,0.72696965551496,0.72690362843206,0.785517873510541
DOAP-HP-ST-LM-a,i_autannes,hard,0,3,0.295989155823301,0.295829389731584,0.404216315307058
DOAP-HP-ST-LM-a,i_autannes,hard,0,4,0.333875265183284,0.33373607780761,0.436296975252062
DOAP-HP-ST-LM-a,i_autannes,hard,0,5,0.59630594746017,0.596110552208379,0.703024747937672
DOAP-HP-ST-LM-a,i_tools,hard,0,1,0.0663829000397368,0.0658484323295754,0.205588822355289
DOAP-HP-ST-LM-a,i_tools,hard,0,2,0.33036950149966,0.330038096166184,0.483033932135729
DOAP-HP-ST-LM-a,i_tools,hard,0,3,0.12282503525919,0.122461864404386,0.24750499001996
DOAP-HP-ST-LM-a,i_tools,hard,0,4,0.340726077694529,0.340505175869649,0.451097804391218
DOAP-HP-ST-LM-a,i_tools,hard,0,5,0.0460102592095432,0.0454480318913755,0.140718562874251
DOAP-HP-ST-LM-a,i_santuario,hard,0,1,0.597918579921852,0.59784938635782,0.662573099415205
DOAP-HP-ST-LM-a,i_santuario,hard,0,2,0.539959116862433,0.539854154998922,0.615789473684211
DOAP-HP-ST-LM-a,i_santuario,hard,0,3,0.431672057097004,0.431587180135273,0.519883040935673
DOAP-HP-ST-LM-a,i_santuario,hard,0,4,0.667733648975306,0.667689794365608,0.719883040935673
DOAP-HP-ST-LM-a,i_santuario,hard,0,5,0.473221695942061,0.473059680489791,0.551461988304094
DOAP-HP-ST-LM-a,i_fog,hard,0,1,0.840581920795998,0.840575315862695,0.848484848484849
DOAP-HP-ST-LM-a,i_fog,hard,0,2,0.601155805411195,0.601128549821625,0.629476584022039
DOAP-HP-ST-LM-a,i_fog,hard,0,3,0.541184150740839,0.541143517045277,0.578512396694215
DOAP-HP-ST-LM-a,i_fog,hard,0,4,0.396672138271883,0.396639365006744,0.420110192837466
DOAP-HP-ST-LM-a,i_fog,hard,0,5,0.39278165594996,0.392750746467206,0.417355371900826
DOAP-HP-ST-LM-a,i_nijmegen,hard,0,1,0.503576101799649,0.503447116028649,0.613806903451726
DOAP-HP-ST-LM-a,i_nijmegen,hard,0,2,0.631244925950899,0.631173030779763,0.709854927463732
DOAP-HP-ST-LM-a,i_nijmegen,hard,0,3,0.247859825172711,0.247719272342632,0.385692846423212
DOAP-HP-ST-LM-a,i_nijmegen,hard,0,4,0.628846557564467,0.628792984722265,0.696348174087044
DOAP-HP-ST-LM-a,i_nijmegen,hard,0,5,0.559920396124555,0.559855174665571,0.646823411705853
DOAP-HP-ST-LM-a,v_courses,hard,0,1,0.893181488483126,0.893154537635687,0.929614873837981
DOAP-HP-ST-LM-a,v_courses,hard,0,2,0.825487081235317,0.82546480511283,0.864541832669323
DOAP-HP-ST-LM-a,v_courses,hard,0,3,0.820508132382238,0.820476020542953,0.871845949535193
DOAP-HP-ST-LM-a,v_courses,hard,0,4,0.632812093651478,0.632736025252895,0.726427622841965
DOAP-HP-ST-LM-a,v_courses,hard,0,5,0.558071678651228,0.55794322193744,0.660690571049137
DOAP-HP-ST-LM-a,v_coffeehouse,hard,0,1,0.904518611182584,0.904502617164954,0.922922922922923
DOAP-HP-ST-LM-a,v_coffeehouse,hard,0,2,0.92767884272912,0.927632203668331,0.941941941941942
DOAP-HP-ST-LM-a,v_coffeehouse,hard,0,3,0.836477980187479,0.836463948724681,0.864364364364364
DOAP-HP-ST-LM-a,v_coffeehouse,hard,0,4,0.919517773426573,0.919509810525519,0.933933933933934
DOAP-HP-ST-LM-a,v_coffeehouse,hard,0,5,0.742560571413941,0.742540421042738,0.781281281281281
DOAP-HP-ST-LM-a,v_abstract,hard,0,1,0.950565489253491,0.950554729548208,0.966684294024326
DOAP-HP-ST-LM-a,v_abstract,hard,0,2,0.953851348757951,0.953837068966318,0.969328397673189
DOAP-HP-ST-LM-a,v_abstract,hard,0,3,0.874385435412384,0.874369712605445,0.904812268640931
DOAP-HP-ST-LM-a,v_abstract,hard,0,4,0.885494281024485,0.885449573662148,0.924378635642517
DOAP-HP-ST-LM-a,v_abstract,hard,0,5,0.733679920917126,0.733657951711502,0.77683765203596
DOAP-HP-ST-LM-a,v_feast,hard,0,1,0.975515384762151,0.975514726196452,0.9775
DOAP-HP-ST-LM-a,v_feast,hard,0,2,0.869126211522466,0.869121724747275,0.8805
DOAP-HP-ST-LM-a,v_feast,hard,0,3,0.605146758468594,0.605128702746206,0.648
DOAP-HP-ST-LM-a,v_feast,hard,0,4,0.791703723400655,0.791691016635108,0.816
DOAP-HP-ST-LM-a,v_feast,hard,0,5,0.652064069330942,0.65204708126233,0.6885
DOAP-HP-ST-LM-a,v_woman,hard,0,1,0.862827258443651,0.862798347364272,0.886558627264061
DOAP-HP-ST-LM-a,v_woman,hard,0,2,0.893299050524182,0.893276569896902,0.912297426120114
DOAP-HP-ST-LM-a,v_woman,hard,0,3,0.843718092630556,0.843691621546587,0.866539561487131
DOAP-HP-ST-LM-a,v_woman,hard,0,4,0.781602972918882,0.781554614483352,0.820781696854147
DOAP-HP-ST-LM-a,v_woman,hard,0,5,0.859073121795586,0.859022204680529,0.885605338417541
DOAP-HP-ST-LM-a,v_talent,hard,0,1,0.749308708116533,0.749275250835084,0.806710065097646
DOAP-HP-ST-LM-a,v_talent,hard,0,2,0.667308522871833,0.667267735866486,0.738107160741112
DOAP-HP-ST-LM-a,v_talent,hard,0,3,0.574558529103626,0.574498589429176,0.657986980470706
DOAP-HP-ST-LM-a,v_talent,hard,0,4,0.416767193042119,0.416699465309592,0.495743615423135
DOAP-HP-ST-LM-a,v_talent,hard,0,5,0.528286887234323,0.528239425350888,0.597896845267902
DOAP-HP-ST-LM-a,v_tabletop,hard,0,1,0.955459795466173,0.955456763017761,0.962
DOAP-HP-ST-LM-a,v_tabletop,hard,0,2,0.809016703471681,0.808996902158766,0.849
DOAP-HP-ST-LM-a,v_tabletop,hard,0,3,0.646859800217621,0.646802255767108,0.7135
DOAP-HP-ST-LM-a,v_tabletop,hard,0,4,0.624797361306571,0.624733220397148,0.7035
DOAP-HP-ST-LM-a,v_tabletop,hard,0,5,0.744878992738475,0.744848195769587,0.796
DOAP-HP-ST-LM-a,v_bees,hard,0,1,0.94695079870242,0.94694357959917,0.958814665996986
DOAP-HP-ST-LM-a,v_bees,hard,0,2,0.953082983875108,0.953076743188407,0.962330487192366
DOAP-HP-ST-LM-a,v_bees,hard,0,3,0.932031735687397,0.932025445200051,0.944249121044701
DOAP-HP-ST-LM-a,v_bees,hard,0,4,0.613000505406708,0.612986585325023,0.645404319437469
DOAP-HP-ST-LM-a,v_bees,hard,0,5,0.783645634069068,0.783627911634571,0.811652435961828
DOAP-HP-ST-LM-a,v_strand,hard,0,1,0.951087946166229,0.951081339304326,0.963105726872247
DOAP-HP-ST-LM-a,v_strand,hard,0,2,0.786868665847407,0.786835905369715,0.830947136563877
DOAP-HP-ST-LM-a,v_strand,hard,0,3,0.732817022296385,0.73278541154841,0.774229074889868
DOAP-HP-ST-LM-a,v_strand,hard,0,4,0.707041996840103,0.707010685892702,0.757709251101322
DOAP-HP-ST-LM-a,v_strand,hard,0,5,0.585119653836222,0.584985493213967,0.659140969162996
DOAP-HP-ST-LM-a,v_fest,hard,0,1,0.981681090621142,0.981677321245181,0.987292817679558
DOAP-HP-ST-LM-a,v_fest,hard,0,2,0.946990636501069,0.946985093408983,0.958011049723757
DOAP-HP-ST-LM-a,v_fest,hard,0,3,0.970191712171126,0.97018974702559,0.974585635359116
DOAP-HP-ST-LM-a,v_fest,hard,0,4,0.939593334245519,0.93958522989202,0.950828729281768
DOAP-HP-ST-LM-a,v_fest,hard,0,5,0.903690689329319,0.903663675443678,0.922099447513812
DOAP-HP-ST-LM-a,v_yard,hard,0,1,0.959764422774858,0.959756118870922,0.96969696969697
DOAP-HP-ST-LM-a,v_yard,hard,0,2,0.926784316956914,0.9267783245616,0.937538651824366
DOAP-HP-ST-LM-a,v_yard,hard,0,3,0.936999379132845,0.936993653489415,0.946815089672232
DOAP-HP-ST-LM-a,v_yard,hard,0,4,0.761987529730006,0.76195996651212,0.794681508967223
DOAP-HP-ST-LM-a,v_yard,hard,0,5,0.484381591818536,0.484342627815479,0.53865182436611
DOAP-HP-ST-LM-a,v_underground,hard,0,1,0.67775425842755,0.677682971645902,0.779522613065327
DOAP-HP-ST-LM-a,v_underground,hard,0,2,0.558528117890633,0.5584226778834,0.696608040201005
DOAP-HP-ST-LM-a,v_underground,hard,0,3,0.56198861666506,0.561863803534912,0.703517587939699
DOAP-HP-ST-LM-a,v_underground,hard,0,4,0.42962809724704,0.429462760628151,0.60929648241206
DOAP-HP-ST-LM-a,v_underground,hard,0,5,0.157389895671949,0.157196595971837,0.276381909547739
DOAP-HP-ST-LM-a,v_azzola,hard,0,1,0.86205788010859,0.862041046736936,0.88
DOAP-HP-ST-LM-a,v_azzola,hard,0,2,0.613004765369697,0.612975771827886,0.656
DOAP-HP-ST-LM-a,v_azzola,hard,0,3,0.966868333067567,0.966866975901608,0.9705
DOAP-HP-ST-LM-a,v_azzola,hard,0,4,0.501957148475548,0.501911812035258,0.5595
DOAP-HP-ST-LM-a,v_azzola,hard,0,5,0.260650514441723,0.260602855332722,0.3115
DOAP-HP-ST-LM-a,v_eastsouth,hard,0,1,0.94069410380832,0.940690562765614,0.94775212636695
DOAP-HP-ST-LM-a,v_eastsouth,hard,0,2,0.898576719231106,0.89856837447094,0.913730255164034
DOAP-HP-ST-LM-a,v_eastsouth,hard,0,3,0.673764129860477,0.673734157680089,0.73086269744836
DOAP-HP-ST-LM-a,v_eastsouth,hard,0,4,0.536326307306984,0.536260562719382,0.633657351154314
DOAP-HP-ST-LM-a,v_eastsouth,hard,0,5,0.180075837890842,0.17993057180546,0.32685297691373
DOAP-HP-ST-LM-a,v_yuri,hard,0,1,0.6819701067876,0.681947511298034,0.7054698457223
DOAP-HP-ST-LM-a,v_yuri,hard,0,2,0.960052876649165,0.960042327999987,0.96914446002805
DOAP-HP-ST-LM-a,v_yuri,hard,0,3,0.881312636263846,0.88128666284407,0.903225806451613
DOAP-HP-ST-LM-a,v_yuri,hard,0,4,0.85103040157649,0.850963132423189,0.887798036465638
DOAP-HP-ST-LM-a,v_yuri,hard,0,5,0.781154051316303,0.781096991781907,0.820476858345021
DOAP-HP-ST-LM-a,v_soldiers,hard,0,1,0.766302805327552,0.766230074672949,0.798692810457516
DOAP-HP-ST-LM-a,v_soldiers,hard,0,2,0.68728589317166,0.68722892997102,0.727450980392157
DOAP-HP-ST-LM-a,v_soldiers,hard,0,3,0.615681322163843,0.615635369667578,0.66797385620915
DOAP-HP-ST-LM-a,v_soldiers,hard,0,4,0.608371130002564,0.608307604977849,0.660130718954248
DOAP-HP-ST-LM-a,v_soldiers,hard,0,5,0.791884490429429,0.79184678570293,0.832679738562092
DOAP-HP-ST-LM-a,v_man,hard,0,1,0.676879941744714,0.676851569927605,0.71997585998793
DOAP-HP-ST-LM-a,v_man,hard,0,2,0.493019179738709,0.492958701558905,0.562462281231141
DOAP-HP-ST-LM-a,v_man,hard,0,3,0.495086323103269,0.495026066322213,0.567290283645142
DOAP-HP-ST-LM-a,v_man,hard,0,4,0.486509091619381,0.486449691435479,0.563669281834641
DOAP-HP-ST-LM-a,v_man,hard,0,5,0.587537766338795,0.587506850381849,0.634882317441159
DOAP-HP-ST-LM-a,v_pomegranate,hard,0,1,0.653959917292647,0.653944205550432,0.686215538847118
DOAP-HP-ST-LM-a,v_pomegranate,hard,0,2,0.656147692633168,0.65613596755429,0.685714285714286
DOAP-HP-ST-LM-a,v_pomegranate,hard,0,3,0.772184374399985,0.77216716116375,0.796491228070175
DOAP-HP-ST-LM-a,v_pomegranate,hard,0,4,0.661940112372417,0.661925931370214,0.689724310776942
DOAP-HP-ST-LM-a,v_pomegranate,hard,0,5,0.706367114149471,0.706358022136711,0.728822055137845
DOAP-HP-ST-LM-a,v_birdwoman,hard,0,1,0.175202398441937,0.175089972439176,0.308
DOAP-HP-ST-LM-a,v_birdwoman,hard,0,2,0.387065304102375,0.386971032346593,0.509
DOAP-HP-ST-LM-a,v_birdwoman,hard,0,3,0.56087563547715,0.560821749128549,0.661
DOAP-HP-ST-LM-a,v_birdwoman,hard,0,4,0.784531572884418,0.78450434395997,0.84
DOAP-HP-ST-LM-a,v_birdwoman,hard,0,5,0.63156769853128,0.631502930540161,0.7345
DOAP-HP-ST-LM-a,v_busstop,hard,0,1,0.962795936143372,0.962794528190616,0.966
DOAP-HP-ST-LM-a,v_busstop,hard,0,2,0.875702457948202,0.875696521144233,0.887
DOAP-HP-ST-LM-a,v_busstop,hard,0,3,0.935162647467995,0.935156215090747,0.943
DOAP-HP-ST-LM-a,v_busstop,hard,0,4,0.974374848072602,0.974373784325825,0.977
DOAP-HP-ST-LM-a,v_busstop,hard,0,5,0.983013161205561,0.983012693105584,0.9845
DOAP-HP-ST-LM-a,i_ajuntament,tough,0,1,0.592473247951705,0.592135925413599,0.726846424384525
DOAP-HP-ST-LM-a,i_ajuntament,tough,0,2,0.212980316786202,0.212409874972597,0.382180539273154
DOAP-HP-ST-LM-a,i_ajuntament,tough,0,3,0.0789372962226721,0.0786426154305846,0.169988276670574
DOAP-HP-ST-LM-a,i_ajuntament,tough,0,4,0.0938900156541414,0.0935179731415118,0.186400937866354
DOAP-HP-ST-LM-a,i_ajuntament,tough,0,5,0.0823559307495881,0.0820043482454425,0.182883939038687
DOAP-HP-ST-LM-a,i_resort,tough,0,1,0.751162519794015,0.751092715257757,0.80321046373365
DOAP-HP-ST-LM-a,i_resort,tough,0,2,0.866496683422167,0.866463534237665,0.896551724137931
DOAP-HP-ST-LM-a,i_resort,tough,0,3,0.87453832043049,0.874520803695561,0.901902497027348
DOAP-HP-ST-LM-a,i_resort,tough,0,4,0.729136005803491,0.729101133232732,0.774078478002378
DOAP-HP-ST-LM-a,i_resort,tough,0,5,0.802789187045278,0.802751758124949,0.84423305588585
DOAP-HP-ST-LM-a,i_table,tough,0,1,0.639196635469332,0.639130206729765,0.7095
DOAP-HP-ST-LM-a,i_table,tough,0,2,0.545926219089625,0.545822350300997,0.6405
DOAP-HP-ST-LM-a,i_table,tough,0,3,0.407343872412422,0.407162158059172,0.5225
DOAP-HP-ST-LM-a,i_table,tough,0,4,0.373549309944577,0.373406411940784,0.4935
DOAP-HP-ST-LM-a,i_table,tough,0,5,0.776158313426732,0.776128150700881,0.819
DOAP-HP-ST-LM-a,i_troulos,tough,0,1,0.780675903121664,0.780292893766198,0.838926174496644
DOAP-HP-ST-LM-a,i_troulos,tough,0,2,0.416668194761639,0.415825885198688,0.526845637583893
DOAP-HP-ST-LM-a,i_troulos,tough,0,3,0.831955791492848,0.831766079532798,0.879194630872483
DOAP-HP-ST-LM-a,i_troulos,tough,0,4,0.572717523252296,0.571771356454924,0.667785234899329
DOAP-HP-ST-LM-a,i_troulos,tough,0,5,0.69075692303824,0.690497018363338,0.758389261744966
DOAP-HP-ST-LM-a,i_bologna,tough,0,1,0.834349736933116,0.834160188228992,0.884057971014493
DOAP-HP-ST-LM-a,i_bologna,tough,0,2,0.805185101778716,0.805053179701106,0.846376811594203
DOAP-HP-ST-LM-a,i_bologna,tough,0,3,0.73550011584832,0.735253130542436,0.794202898550725
DOAP-HP-ST-LM-a,i_bologna,tough,0,4,0.716172367144182,0.715976488236554,0.776811594202899
DOAP-HP-ST-LM-a,i_bologna,tough,0,5,0.686469283282096,0.686050392143788,0.759420289855072
DOAP-HP-ST-LM-a,i_lionnight,tough,0,1,0.616789234466074,0.616126476445485,0.738853503184713
DOAP-HP-ST-LM-a,i_lionnight,tough,0,2,0.440610747727763,0.440033283523009,0.581740976645435
DOAP-HP-ST-LM-a,i_lionnight,tough,0,3,0.683536758887148,0.682685557882254,0.787685774946921
DOAP-HP-ST-LM-a,i_lionnight,tough,0,4,0.701670266629428,0.701389844248279,0.804670912951168
DOAP-HP-ST-LM-a,i_lionnight,tough,0,5,0.692049414593225,0.691809699629142,0.794055201698514
DOAP-HP-ST-LM-a,i_porta,tough,0,1,0.608415213186733,0.608039873709883,0.733496332518337
DOAP-HP-ST-LM-a,i_porta,tough,0,2,0.587554386987783,0.587064456144763,0.731051344743276
DOAP-HP-ST-LM-a,i_porta,tough,0,3,0.427461569494417,0.425630258550038,0.60880195599022
DOAP-HP-ST-LM-a,i_porta,tough,0,4,0.380356694452393,0.37926349931499,0.535452322738386
DOAP-HP-ST-LM-a,i_porta,tough,0,5,0.233985769689159,0.23324689448878,0.400977995110024
DOAP-HP-ST-LM-a,i_zion,tough,0,1,0.758293833532511,0.758283421721884,0.781
DOAP-HP-ST-LM-a,i_zion,tough,0,2,0.420499183947804,0.420334815959578,0.49
DOAP-HP-ST-LM-a,i_zion,tough,0,3,0.297464016166445,0.297419864583665,0.365
DOAP-HP-ST-LM-a,i_zion,tough,0,4,0.16716023651514,0.167093855147999,0.2355
DOAP-HP-ST-LM-a,i_zion,tough,0,5,0.227028170364011,0.226966640188838,0.299
DOAP-HP-ST-LM-a,i_brooklyn,tough,0,1,0.561004979073877,0.560924019610349,0.643643643643644
DOAP-HP-ST-LM-a,i_brooklyn,tough,0,2,0.532255140856706,0.532085475490006,0.635635635635636
DOAP-HP-ST-LM-a,i_brooklyn,tough,0,3,0.341975401466977,0.341848609217427,0.445945945945946
DOAP-HP-ST-LM-a,i_brooklyn,tough,0,4,0.49124679704676,0.491152396628749,0.602602602602603
DOAP-HP-ST-LM-a,i_brooklyn,tough,0,5,0.3283139512521,0.328157695463921,0.453953953953954
DOAP-HP-ST-LM-a,i_fruits,tough,0,1,0.806386949907533,0.806108564572669,0.871069182389937
DOAP-HP-ST-LM-a,i_fruits,tough,0,2,0.77694772673334,0.776770465819587,0.841194968553459
DOAP-HP-ST-LM-a,i_fruits,tough,0,3,0.750531854055808,0.749987442206256,0.823899371069182
DOAP-HP-ST-LM-a,i_fruits,tough,0,4,0.733594922604892,0.733332889610182,0.809748427672956
DOAP-HP-ST-LM-a,i_fruits,tough,0,5,0.743977332146714,0.743818271025729,0.811320754716981
DOAP-HP-ST-LM-a,i_books,tough,0,1,0.542429446222325,0.541938197404226,0.687763713080169
DOAP-HP-ST-LM-a,i_books,tough,0,2,0.627569184175327,0.627288688413501,0.721518987341772
DOAP-HP-ST-LM-a,i_books,tough,0,3,0.648553210728806,0.648340605414014,0.738396624472574
DOAP-HP-ST-LM-a,i_books,tough,0,4,0.625178602317618,0.624842223473028,0.734177215189873
DOAP-HP-ST-LM-a,i_books,tough,0,5,0.5994762876397,0.599117010408732,0.713080168776371
DOAP-HP-ST-LM-a,i_bridger,tough,0,1,0.644976544671305,0.644936510179995,0.69994957135653
DOAP-HP-ST-LM-a,i_bridger,tough,0,2,0.47645485645779,0.47636378721789,0.555219364599092
DOAP-HP-ST-LM-a,i_bridger,tough,0,3,0.510330524742531,0.510224119034122,0.599596570852244
DOAP-HP-ST-LM-a,i_bridger,tough,0,4,0.301689097960422,0.301606422733426,0.391830559757943
DOAP-HP-ST-LM-a,i_bridger,tough,0,5,0.0273381279695401,0.0271015311987429,0.08119011598588
DOAP-HP-ST-LM-a,i_whitebuilding,tough,0,1,0.644745095358392,0.644614916851584,0.793846153846154
DOAP-HP-ST-LM-a,i_whitebuilding,tough,0,2,0.616760986752168,0.616536054979392,0.774358974358974
DOAP-HP-ST-LM-a,i_whitebuilding,tough,0,3,0.448760809259133,0.448542494971619,0.64
DOAP-HP-ST-LM-a,i_whitebuilding,tough,0,4,0.475258666146097,0.474995494418155,0.670769230769231
DOAP-HP-ST-LM-a,i_whitebuilding,tough,0,5,0.453098603578219,0.45281680758984,0.655384615384615
DOAP-HP-ST-LM-a,i_kurhaus,tough,0,1,0.736455456297809,0.736439445801644,0.764411027568922
DOAP-HP-ST-LM-a,i_kurhaus,tough,0,2,0.619051195828714,0.619035009877011,0.653634085213033
DOAP-HP-ST-LM-a,i_kurhaus,tough,0,3,0.534683703495299,0.53465595987112,0.580451127819549
DOAP-HP-ST-LM-a,i_kurhaus,tough,0,4,0.460614367346544,0.460577434218306,0.516290726817043
DOAP-HP-ST-LM-a,i_kurhaus,tough,0,5,0.385999775905594,0.385957262500009,0.452130325814536
DOAP-HP-ST-LM-a,i_salon,tough,0,1,0.66539224966013,0.665244107158841,0.774047186932849
DOAP-HP-ST-LM-a,i_salon,tough,0,2,0.537100369327715,0.536953921307329,0.647912885662432
DOAP-HP-ST-LM-a,i_salon,tough,0,3,0.347977689952035,0.34761314384892,0.477313974591652
DOAP-HP-ST-LM-a,i_salon,tough,0,4,0.563088178889327,0.562859721845368,0.67513611615245
DOAP-HP-ST-LM-a,i_salon,tough,0,5,0.451753357875245,0.451082870312776,0.576225045372051
DOAP-HP-ST-LM-a,i_autannes,tough,0,1,0.69554369133063,0.695401420408934,0.783684692942255
DOAP-HP-ST-LM-a,i_autannes,tough,0,2,0.599412710895,0.598746554936799,0.700274977085243
DOAP-HP-ST-LM-a,i_autannes,tough,0,3,0.219281761517886,0.219026890337579,0.342804766269478
DOAP-HP-ST-LM-a,i_autannes,tough,0,4,0.260402581080177,0.260141514355767,0.374885426214482
DOAP-HP-ST-LM-a,i_autannes,tough,0,5,0.461402744409772,0.461074554636319,0.604949587534372
DOAP-HP-ST-LM-a,i_tools,tough,0,1,0.0537540794662791,0.0533001603744158,0.177644710578842
DOAP-HP-ST-LM-a,i_tools,tough,0,2,0.221328782640709,0.220803012752025,0.389221556886228
DOAP-HP-ST-LM-a,i_tools,tough,0,3,0.0931634030933177,0.0928825044095338,0.204590818363273
DOAP-HP-ST-LM-a,i_tools,tough,0,4,0.270344910722424,0.270094936351733,0.391217564870259
DOAP-HP-ST-LM-a,i_tools,tough,0,5,0.0289260712215345,0.0283086522425905,0.11377245508982
DOAP-HP-ST-LM-a,i_santuario,tough,0,1,0.492786240851384,0.492627595578013,0.589473684210526
DOAP-HP-ST-LM-a,i_santuario,tough,0,2,0.456502125800303,0.456402141060165,0.557309941520468
DOAP-HP-ST-LM-a,i_santuario,tough,0,3,0.33830817737095,0.338158622250175,0.450877192982456
DOAP-HP-ST-LM-a,i_santuario,tough,0,4,0.557755787273986,0.557685766415832,0.628654970760234
DOAP-HP-ST-LM-a,i_santuario,tough,0,5,0.379640894105928,0.379478751454229,0.478947368421053
DOAP-HP-ST-LM-a,i_fog,tough,0,1,0.732911191197301,0.73254714095662,0.761707988980716
DOAP-HP-ST-LM-a,i_fog,tough,0,2,0.502054663842186,0.502004660149383,0.544077134986226
DOAP-HP-ST-LM-a,i_fog,tough,0,3,0.42315878543634,0.423093766638523,0.473829201101928
DOAP-HP-ST-LM-a,i_fog,tough,0,4,0.352736761815431,0.352681668132117,0.387052341597796
DOAP-HP-ST-LM-a,i_fog,tough,0,5,0.324368473958281,0.324307026996105,0.363636363636364
DOAP-HP-ST-LM-a,i_nijmegen,tough,0,1,0.393236709208425,0.393048227037958,0.527263631815908
DOAP-HP-ST-LM-a,i_nijmegen,tough,0,2,0.504825819563447,0.504738528475565,0.60680340170085
DOAP-HP-ST-LM-a,i_nijmegen,tough,0,3,0.177502115599077,0.177324203747543,0.317158579289645
DOAP-HP-ST-LM-a,i_nijmegen,tough,0,4,0.491912246745783,0.491779703986059,0.60280140070035
DOAP-HP-ST-LM-a,i_nijmegen,tough,0,5,0.460909988793586,0.460787950716049,0.577788894447224
DOAP-HP-ST-LM-a,v_courses,tough,0,1,0.800476935375791,0.800413377172425,0.858565737051793
DOAP-HP-ST-LM-a,v_courses,tough,0,2,0.685794092160503,0.685731926750388,0.766268260292165
DOAP-HP-ST-LM-a,v_courses,tough,0,3,0.691006576232402,0.690900085186124,0.788844621513944
DOAP-HP-ST-LM-a,v_courses,tough,0,4,0.502687214630496,0.50220894258827,0.638114209827357
DOAP-HP-ST-LM-a,v_courses,tough,0,5,0.46227776160554,0.462130084253333,0.590969455511288
DOAP-HP-ST-LM-a,v_coffeehouse,tough,0,1,0.800816501483847,0.800777780586456,0.846346346346346
DOAP-HP-ST-LM-a,v_coffeehouse,tough,0,2,0.806603073700553,0.806566965089914,0.851351351351351
DOAP-HP-ST-LM-a,v_coffeehouse,tough,0,3,0.703297870930012,0.703247670235764,0.771771771771772
DOAP-HP-ST-LM-a,v_coffeehouse,tough,0,4,0.804645589551924,0.804606545033535,0.852852852852853
DOAP-HP-ST-LM-a,v_coffeehouse,tough,0,5,0.627008866948626,0.626943617946612,0.698698698698699
DOAP-HP-ST-LM-a,v_abstract,tough,0,1,0.875101605451654,0.87504776623115,0.918032786885246
DOAP-HP-ST-LM-a,v_abstract,tough,0,2,0.866126315719495,0.866088303270667,0.903754627181386
DOAP-HP-ST-LM-a,v_abstract,tough,0,3,0.746297447696241,0.746260818862721,0.803807509254363
DOAP-HP-ST-LM-a,v_abstract,tough,0,4,0.771705908518909,0.77161850615657,0.836065573770492
DOAP-HP-ST-LM-a,v_abstract,tough,0,5,0.629257892302496,0.629208641030231,0.699629825489159
DOAP-HP-ST-LM-a,v_feast,tough,0,1,0.910650271222283,0.910643002235195,0.923
DOAP-HP-ST-LM-a,v_feast,tough,0,2,0.789476347701867,0.789464170541389,0.818
DOAP-HP-ST-LM-a,v_feast,tough,0,3,0.521915448125433,0.521879439570691,0.578
DOAP-HP-ST-LM-a,v_feast,tough,0,4,0.704250577578736,0.70422721247099,0.7445
DOAP-HP-ST-LM-a,v_feast,tough,0,5,0.578675639102675,0.578646675742109,0.631
DOAP-HP-ST-LM-a,v_woman,tough,0,1,0.753021136491589,0.752956752405708,0.802669208770257
DOAP-HP-ST-LM-a,v_woman,tough,0,2,0.771718341636185,0.771631168260658,0.823641563393708
DOAP-HP-ST-LM-a,v_woman,tough,0,3,0.742252155446638,0.74214215241855,0.794089609151573
DOAP-HP-ST-LM-a,v_woman,tough,0,4,0.691288730449457,0.69123137808893,0.748331744518589
DOAP-HP-ST-LM-a,v_woman,tough,0,5,0.765032085315661,0.76494311774476,0.818875119161106
DOAP-HP-ST-LM-a,v_talent,tough,0,1,0.642488660269439,0.642422203711514,0.733600400600901
DOAP-HP-ST-LM-a,v_talent,tough,0,2,0.564815773587279,0.564739795286999,0.664496745117677
DOAP-HP-ST-LM-a,v_talent,tough,0,3,0.488556851680441,0.488472294521814,0.599399098647972
DOAP-HP-ST-LM-a,v_talent,tough,0,4,0.348313295475475,0.348236699554304,0.439659489233851
DOAP-HP-ST-LM-a,v_talent,tough,0,5,0.439201264411998,0.439083479256673,0.537806710065098
DOAP-HP-ST-LM-a,v_tabletop,tough,0,1,0.861944696394042,0.861880766485715,0.8925
DOAP-HP-ST-LM-a,v_tabletop,tough,0,2,0.668705737587469,0.668658987750607,0.7325
DOAP-HP-ST-LM-a,v_tabletop,tough,0,3,0.506109148742607,0.50604678622064,0.6035
DOAP-HP-ST-LM-a,v_tabletop,tough,0,4,0.487265296476093,0.487154115533823,0.594
DOAP-HP-ST-LM-a,v_tabletop,tough,0,5,0.626932166423254,0.626837173921305,0.7115
DOAP-HP-ST-LM-a,v_bees,tough,0,1,0.861169949619342,0.861156813599457,0.884480160723255
DOAP-HP-ST-LM-a,v_bees,tough,0,2,0.856277672366895,0.85623881002065,0.883475640381718
DOAP-HP-ST-LM-a,v_bees,tough,0,3,0.83268954196914,0.832674901736416,0.859367152184832
DOAP-HP-ST-LM-a,v_bees,tough,0,4,0.5003150314584,0.500259624616483,0.560020090406831
DOAP-HP-ST-LM-a,v_bees,tough,0,5,0.686626592482117,0.686553894989733,0.732295328980412
DOAP-HP-ST-LM-a,v_strand,tough,0,1,0.847780168568246,0.847739451779498,0.892621145374449
DOAP-HP-ST-LM-a,v_strand,tough,0,2,0.675674119965877,0.675611598447812,0.749449339207048
DOAP-HP-ST-LM-a,v_strand,tough,0,3,0.625810950221849,0.625702916501115,0.693832599118943
DOAP-HP-ST-LM-a,v_strand,tough,0,4,0.606822167791871,0.606753853392335,0.688876651982379
DOAP-HP-ST-LM-a,v_strand,tough,0,5,0.482466848143589,0.482321462898775,0.585903083700441
DOAP-HP-ST-LM-a,v_fest,tough,0,1,0.920079237639434,0.920059292852749,0.939779005524862
DOAP-HP-ST-LM-a,v_fest,tough,0,2,0.861997825870344,0.861971481482796,0.888397790055249
DOAP-HP-ST-LM-a,v_fest,tough,0,3,0.893462740726761,0.893448375905252,0.915469613259668
DOAP-HP-ST-LM-a,v_fest,tough,0,4,0.843676701401091,0.843658803174549,0.872375690607735
DOAP-HP-ST-LM-a,v_fest,tough,0,5,0.797932494388474,0.797862558541566,0.838121546961326
DOAP-HP-ST-LM-a,v_yard,tough,0,1,0.883172775070151,0.883042705139459,0.916512059369202
DOAP-HP-ST-LM-a,v_yard,tough,0,2,0.812446999295587,0.812372907752505,0.857761286332715
DOAP-HP-ST-LM-a,v_yard,tough,0,3,0.831972684270221,0.831931194727584,0.872603586889301
DOAP-HP-ST-LM-a,v_yard,tough,0,4,0.679503351521074,0.679462846666191,0.72665429808287
DOAP-HP-ST-LM-a,v_yard,tough,0,5,0.385543395294064,0.385439595168634,0.457019171304886
DOAP-HP-ST-LM-a,v_underground,tough,0,1,0.470053486194827,0.4698577656424,0.631909547738693
DOAP-HP-ST-LM-a,v_underground,tough,0,2,0.350070692251772,0.349866809083553,0.552763819095477
DOAP-HP-ST-LM-a,v_underground,tough,0,3,0.370286611954211,0.369875136347256,0.557788944723618
DOAP-HP-ST-LM-a,v_underground,tough,0,4,0.275580412505929,0.275247500576678,0.477386934673367
DOAP-HP-ST-LM-a,v_underground,tough,0,5,0.107308171295232,0.107071367931711,0.229899497487437
DOAP-HP-ST-LM-a,v_azzola,tough,0,1,0.798630008792855,0.798618748699591,0.822
DOAP-HP-ST-LM-a,v_azzola,tough,0,2,0.526500301716984,0.526448290868608,0.5865
DOAP-HP-ST-LM-a,v_azzola,tough,0,3,0.905736499743589,0.90573039679809,0.9185
DOAP-HP-ST-LM-a,v_azzola,tough,0,4,0.415829131361043,0.415780716712284,0.48
DOAP-HP-ST-LM-a,v_azzola,tough,0,5,0.227409308938956,0.227350356879087,0.285
DOAP-HP-ST-LM-a,v_eastsouth,tough,0,1,0.850739664702065,0.85072074851742,0.873025516403402
DOAP-HP-ST-LM-a,v_eastsouth,tough,0,2,0.757196984487808,0.757113020314975,0.806804374240583
DOAP-HP-ST-LM-a,v_eastsouth,tough,0,3,0.51835614150458,0.518219482591879,0.620291616038882
DOAP-HP-ST-LM-a,v_eastsouth,tough,0,4,0.402852136591479,0.402749204329992,0.531591737545565
DOAP-HP-ST-LM-a,v_eastsouth,tough,0,5,0.128381875015682,0.128098550187992,0.279465370595383
DOAP-HP-ST-LM-a,v_yuri,tough,0,1,0.598753790251165,0.598504189095967,0.650771388499299
DOAP-HP-ST-LM-a,v_yuri,tough,0,2,0.867464245175947,0.867403302829479,0.894810659186536
DOAP-HP-ST-LM-a,v_yuri,tough,0,3,0.791726355969763,0.791646283036617,0.841514726507714
DOAP-HP-ST-LM-a,v_yuri,tough,0,4,0.716076115201916,0.715214431513206,0.79382889200561
DOAP-HP-ST-LM-a,v_yuri,tough,0,5,0.662406306928184,0.661934496194493,0.73492286115007
DOAP-HP-ST-LM-a,v_soldiers,tough,0,1,0.592259439022652,0.59214372086064,0.668627450980392
DOAP-HP-ST-LM-a,v_soldiers,tough,0,2,0.54013675999713,0.540073537250803,0.606535947712418
DOAP-HP-ST-LM-a,v_soldiers,tough,0,3,0.467030203686394,0.466584272360011,0.54640522875817
DOAP-HP-ST-LM-a,v_soldiers,tough,0,4,0.473979590324387,0.473841253729106,0.551633986928105
DOAP-HP-ST-LM-a,v_soldiers,tough,0,5,0.649941945713582,0.649847133158707,0.719607843137255
DOAP-HP-ST-LM-a,v_man,tough,0,1,0.551681310198055,0.551620817600275,0.628243814121907
DOAP-HP-ST-LM-a,v_man,tough,0,2,0.390942809610518,0.390828531023184,0.482800241400121
DOAP-HP-ST-LM-a,v_man,tough,0,3,0.396090617570703,0.395988632344297,0.487628243814122
DOAP-HP-ST-LM-a,v_man,tough,0,4,0.411847978763316,0.411740522964156,0.512975256487628
DOAP-HP-ST-LM-a,v_man,tough,0,5,0.469522568396986,0.469443223204995,0.550995775497888
DOAP-HP-ST-LM-a,v_pomegranate,tough,0,1,0.556650273180317,0.556616605499863,0.608020050125313
DOAP-HP-ST-LM-a,v_pomegranate,tough,0,2,0.545520171411009,0.545462908572335,0.605513784461153
DOAP-HP-ST-LM-a,v_pomegranate,tough,0,3,0.654369228008682,0.654254369868277,0.706265664160401
DOAP-HP-ST-LM-a,v_pomegranate,tough,0,4,0.561842888775226,0.561771377860113,0.615037593984962
DOAP-HP-ST-LM-a,v_pomegranate,tough,0,5,0.603095288495511,0.603037989088004,0.651629072681704
DOAP-HP-ST-LM-a,v_birdwoman,tough,0,1,0.106616246761016,0.106475233760283,0.243
DOAP-HP-ST-LM-a,v_birdwoman,tough,0,2,0.267772529946813,0.267404148885116,0.412
DOAP-HP-ST-LM-a,v_birdwoman,tough,0,3,0.380423314034481,0.380321325512961,0.522
DOAP-HP-ST-LM-a,v_birdwoman,tough,0,4,0.59009638470045,0.59004455399227,0.6845
DOAP-HP-ST-LM-a,v_birdwoman,tough,0,5,0.454373751387609,0.454292367623691,0.584
DOAP-HP-ST-LM-a,v_busstop,tough,0,1,0.89376432451931,0.89375921477935,0.9045
DOAP-HP-ST-LM-a,v_busstop,tough,0,2,0.788681198566785,0.788650174666613,0.812
DOAP-HP-ST-LM-a,v_busstop,tough,0,3,0.839077381107161,0.839058935727272,0.859
DOAP-HP-ST-LM-a,v_busstop,tough,0,4,0.882513841836079,0.882503019546696,0.8975
DOAP-HP-ST-LM-a,v_busstop,tough,0,5,0.923134723717029,0.923129597669005,0.9315
